-- MySQL dump 10.13  Distrib 8.0.42, for Win64 (x86_64)
--
-- Host: localhost    Database: rain_forecast_db
-- ------------------------------------------------------
-- Server version	8.0.42

/*!40101 SET @OLD_CHARACTER_SET_CLIENT=@@CHARACTER_SET_CLIENT */;
/*!40101 SET @OLD_CHARACTER_SET_RESULTS=@@CHARACTER_SET_RESULTS */;
/*!40101 SET @OLD_COLLATION_CONNECTION=@@COLLATION_CONNECTION */;
/*!50503 SET NAMES utf8 */;
/*!40103 SET @OLD_TIME_ZONE=@@TIME_ZONE */;
/*!40103 SET TIME_ZONE='+00:00' */;
/*!40014 SET @OLD_UNIQUE_CHECKS=@@UNIQUE_CHECKS, UNIQUE_CHECKS=0 */;
/*!40014 SET @OLD_FOREIGN_KEY_CHECKS=@@FOREIGN_KEY_CHECKS, FOREIGN_KEY_CHECKS=0 */;
/*!40101 SET @OLD_SQL_MODE=@@SQL_MODE, SQL_MODE='NO_AUTO_VALUE_ON_ZERO' */;
/*!40111 SET @OLD_SQL_NOTES=@@SQL_NOTES, SQL_NOTES=0 */;

--
-- Table structure for table `locations`
--

DROP TABLE IF EXISTS `locations`;
/*!40101 SET @saved_cs_client     = @@character_set_client */;
/*!50503 SET character_set_client = utf8mb4 */;
CREATE TABLE `locations` (
  `id` bigint NOT NULL AUTO_INCREMENT,
  `name` varchar(100) NOT NULL,
  `latitude` decimal(10,6) NOT NULL,
  `longitude` decimal(10,6) NOT NULL,
  `created_at` timestamp NULL DEFAULT CURRENT_TIMESTAMP,
  PRIMARY KEY (`id`),
  UNIQUE KEY `name` (`name`)
) ENGINE=InnoDB AUTO_INCREMENT=12 DEFAULT CHARSET=utf8mb4 COLLATE=utf8mb4_0900_ai_ci;
/*!40101 SET character_set_client = @saved_cs_client */;

--
-- Dumping data for table `locations`
--

LOCK TABLES `locations` WRITE;
/*!40000 ALTER TABLE `locations` DISABLE KEYS */;
INSERT INTO `locations` VALUES (1,'Thanh Hóa',19.807000,105.776000,'2025-11-28 09:57:02'),(2,'Nghệ An',18.673000,105.676000,'2025-11-28 09:57:02'),(3,'Hà Tĩnh',18.337000,105.903000,'2025-11-28 09:57:02'),(4,'Quảng Trị (Gộp)',16.820000,107.098000,'2025-11-28 09:57:02'),(5,'Thừa Thiên Huế',16.463000,107.590000,'2025-11-28 09:57:02'),(6,'Đà Nẵng (Gộp)',16.054000,108.202000,'2025-11-28 09:57:02'),(7,'Quảng Ngãi (Gộp)',15.120000,108.792000,'2025-11-28 09:57:02'),(8,'Gia Lai (Gộp - Quy Nhơn)',13.782000,109.219000,'2025-11-28 09:57:02'),(9,'Đắk Lắk (Gộp - Tuy Hòa)',13.088000,109.311000,'2025-11-28 09:57:02'),(10,'Khánh Hòa (Gộp)',12.238000,109.196000,'2025-11-28 09:57:02'),(11,'Lâm Đồng (Gộp - Phan Thiết)',10.928000,108.102000,'2025-11-28 09:57:02');
/*!40000 ALTER TABLE `locations` ENABLE KEYS */;
UNLOCK TABLES;

--
-- Table structure for table `prediction_features`
--

DROP TABLE IF EXISTS `prediction_features`;
/*!40101 SET @saved_cs_client     = @@character_set_client */;
/*!50503 SET character_set_client = utf8mb4 */;
CREATE TABLE `prediction_features` (
  `id` bigint NOT NULL AUTO_INCREMENT,
  `history_id` bigint NOT NULL,
  `input_lst` double DEFAULT NULL,
  `input_humidity` double DEFAULT NULL,
  `input_temp` double DEFAULT NULL,
  `input_wind_speed` double DEFAULT NULL,
  PRIMARY KEY (`id`),
  UNIQUE KEY `history_id` (`history_id`),
  CONSTRAINT `fk_features_history` FOREIGN KEY (`history_id`) REFERENCES `prediction_history` (`id`) ON DELETE CASCADE
) ENGINE=InnoDB AUTO_INCREMENT=150 DEFAULT CHARSET=utf8mb4 COLLATE=utf8mb4_0900_ai_ci;
/*!40101 SET character_set_client = @saved_cs_client */;

--
-- Dumping data for table `prediction_features`
--

LOCK TABLES `prediction_features` WRITE;
/*!40000 ALTER TABLE `prediction_features` DISABLE KEYS */;
INSERT INTO `prediction_features` VALUES (1,1,38.5,65,34,3.5),(2,2,20.3,58,17.8,1.2),(3,3,21,99,22,15),(4,4,24,92,23.5,6),(5,5,24.5,60,22,1.5),(6,6,26.5,74,24,2.6),(7,7,23.6,69,21.1,7.1),(17,17,22.5,91,20.46,0.95),(18,18,24.2,81,22.15,1.97),(19,19,24.1,93,22.11,2.5),(20,20,28,85,26.01,3.55),(21,21,24.2,81,22.15,1.97),(22,22,22.5,91,20.46,0.95),(23,23,25.1,94,23.05,3.6),(24,24,32,55,40,2.5),(25,25,18,85,19,3),(26,26,18,96,23,8),(27,27,23.9,93,21.86,1.33),(28,28,24.1,93,22.11,2.5),(29,29,22.5,88,20.52,1.56),(30,30,22.5,88,20.52,1.56),(31,31,22.5,88,20.52,1.56),(32,32,25.6,93,23.58,3.36),(33,33,24,92,24.5,5.5),(34,34,21.5,98,32,12),(35,35,38.5,55,32,2.5),(36,36,20.5,86,21,3),(37,37,20.5,86,21,3),(38,38,23,94,24.5,6),(39,39,21,99,25,15),(40,40,21,99,25,15),(41,41,21,99,25,15),(42,42,27.1,90,25.09,0.45),(43,43,22.8,91,20.83,1.05),(44,44,26,83,24.03,4.63),(45,45,21,99,24,15),(46,46,21,99,24,15),(47,47,23.6,87,21.59,1.06),(48,48,21,99,24,15),(49,49,21,99,24,15),(50,50,21,99,24,15),(51,51,21,99,24,15),(52,52,23.2,92,21.17,1.02),(53,53,28,86,26.01,3.48),(54,54,27.1,83,25.05,4.63),(55,55,21,99,24,15),(56,56,24.4,90,22.37,2.04),(57,57,24,29,24,12.04),(58,58,24,99,24,15.04),(59,59,36,1,40,2),(60,60,36,0,40,0),(61,61,21.3,88,19.33,2.71),(62,62,20.1,100,18.05,4.12),(63,63,21.3,88,19.33,2.71),(64,64,20.1,100,18.05,4.12),(65,65,21.1,94,19.05,3.09),(66,66,21.1,94,19.05,3.09),(67,67,21.1,94,19.05,3.09),(68,68,21.1,94,19.05,3.09),(69,69,24,83,22,2.06),(70,70,21.1,94,19.05,3.09),(71,71,21.2,75,19.21,2.8),(72,72,24,83,22.03,2.06),(73,73,20.1,100,18.05,3.6),(74,74,20.1,100,18.05,3.6),(75,75,22.1,94,20.05,1.54),(76,76,22.1,94,20.05,1.54),(77,77,24,88,22.03,4.12),(78,78,22.7,92,20.66,1.23),(79,79,20.8,84,18.76,1.65),(80,80,20.8,84,18.76,1.65),(81,81,22.1,94,20.05,1.54),(82,82,20.8,75,18.8,1.53),(83,83,20.8,75,18.8,1.53),(84,84,21.7,93,19.65,1.78),(85,85,20.7,86,18.72,1.37),(86,86,20.7,86,18.72,1.37),(87,87,20.7,86,18.72,1.37),(88,88,20.7,86,18.72,1.37),(89,89,20.7,86,18.72,1.37),(90,90,20.7,86,18.72,1.37),(91,91,20.8,84,18.76,1.65),(92,92,20.8,75,18.8,1.53),(93,93,24,88,22.03,4.12),(94,94,22.1,94,20.05,1.54),(95,95,26.6,85,24.64,4.84),(96,96,25.1,68,23.05,3.6),(97,97,25.1,68,23.05,3.6),(98,98,23.1,66,21.1,3.89),(99,99,24,67,21.95,2.93),(100,100,24,67,21.95,2.93),(101,101,24,67,21.95,2.93),(102,102,24,67,21.95,2.93),(103,103,24,67,21.95,2.93),(104,104,24,67,21.95,2.93),(105,105,24,67,21.95,2.93),(106,106,24,67,21.95,2.93),(107,107,24,67,21.95,2.93),(108,108,24,67,21.95,2.93),(109,109,24,67,21.95,2.93),(110,110,23.9,72,21.89,3.21),(111,111,25,68,23,5.14),(112,112,23.9,72,21.89,3.21),(113,113,25.1,68,23.05,3.6),(114,114,24,67,21.95,2.93),(115,115,24.3,77,22.34,4.92),(116,116,22.3,74,20.33,4.32),(117,117,22.3,74,20.33,4.32),(118,118,22.3,74,20.33,4.32),(119,119,22.3,74,20.33,4.32),(120,120,22.3,74,20.33,4.32),(121,121,23.6,54,21.64,3.99),(122,122,23.6,54,21.64,3.99),(123,123,27,66,25.02,5.33),(124,124,27,66,25.02,5.33),(125,125,27,66,25.02,5.33),(126,126,27,66,25.02,5.33),(127,127,27,66,25.02,5.33),(128,128,27,66,25.02,5.33),(129,129,27,66,25.02,5.33),(130,130,27,66,25.02,5.33),(131,131,27,66,25.02,5.33),(132,132,27,66,25.02,5.33),(133,133,27,66,25.02,5.33),(134,134,27,66,25.02,5.33),(135,135,24.1,73,22.05,3.09),(136,136,23.9,68,21.87,2.93),(137,137,23.9,68,21.87,2.93),(138,138,23.7,83,21.65,3.53),(139,139,24.1,81,22.11,4.71),(140,140,24,78,21.97,3.09),(141,141,24.1,87,22.06,2.73),(142,142,25.8,78,23.75,3.81),(143,143,26,79,24.02,2.11),(144,144,22.8,88,20.79,1.17),(145,145,23.8,81,21.84,4.25),(146,146,23.5,86,21.5,2.66),(147,147,25.4,78,23.44,4.21),(148,148,25.6,79,23.63,5.2),(149,149,23.6,79,21.64,3.68);
/*!40000 ALTER TABLE `prediction_features` ENABLE KEYS */;
UNLOCK TABLES;

--
-- Table structure for table `prediction_history`
--

DROP TABLE IF EXISTS `prediction_history`;
/*!40101 SET @saved_cs_client     = @@character_set_client */;
/*!50503 SET character_set_client = utf8mb4 */;
CREATE TABLE `prediction_history` (
  `id` bigint NOT NULL AUTO_INCREMENT,
  `location_id` bigint NOT NULL,
  `prediction_timestamp` datetime NOT NULL,
  `predicted_for_date` date NOT NULL,
  `predicted_rainfall` double DEFAULT NULL,
  `actual_rainfall` double DEFAULT NULL,
  PRIMARY KEY (`id`),
  KEY `idx_history_location_date` (`location_id`,`predicted_for_date`),
  CONSTRAINT `fk_history_location` FOREIGN KEY (`location_id`) REFERENCES `locations` (`id`) ON DELETE CASCADE
) ENGINE=InnoDB AUTO_INCREMENT=150 DEFAULT CHARSET=utf8mb4 COLLATE=utf8mb4_0900_ai_ci;
/*!40101 SET character_set_client = @saved_cs_client */;

--
-- Dumping data for table `prediction_history`
--

LOCK TABLES `prediction_history` WRITE;
/*!40000 ALTER TABLE `prediction_history` DISABLE KEYS */;
INSERT INTO `prediction_history` VALUES (1,6,'2025-11-28 17:46:19','2025-11-28',0.63,0.9),(2,2,'2025-11-28 17:46:48','2025-11-28',0,0.3),(3,4,'2025-11-28 17:48:09','2025-11-28',73.41,74.5),(4,5,'2025-11-28 17:48:34','2025-11-28',39.45,36.1),(5,6,'2025-11-28 17:52:08','2025-11-28',0,2.3),(6,10,'2025-11-28 18:19:55','2025-11-28',0.63,0.5),(7,8,'2025-11-28 18:39:11','2025-11-28',0.59,0.4),(17,3,'2025-12-20 18:06:10','2025-12-20',0.5,0.6),(18,1,'2025-12-20 18:06:15','2025-12-20',0.03,1),(19,7,'2025-12-20 18:06:20','2025-12-20',0.61,1.2),(20,10,'2025-12-20 18:06:24','2025-12-20',0.23,0.6),(21,1,'2025-12-20 18:06:29','2025-12-20',0.03,0.6),(22,3,'2025-12-20 18:06:33','2025-12-20',0.5,0.4),(23,5,'2025-12-20 18:07:09','2025-12-20',0.81,0.5),(24,2,'2025-12-20 18:12:28','2025-12-20',1.29,NULL),(25,1,'2025-12-20 18:12:50','2025-12-20',0.09,NULL),(26,1,'2025-12-20 18:13:14','2025-12-20',1.07,NULL),(27,4,'2025-12-20 18:14:52','2025-12-20',0.5,NULL),(28,7,'2025-12-20 18:15:09','2025-12-20',0.61,NULL),(29,2,'2025-12-20 18:17:16','2025-12-20',0.27,NULL),(30,2,'2025-12-20 18:17:20','2025-12-20',0.27,NULL),(31,2,'2025-12-20 18:17:31','2025-12-20',0.27,NULL),(32,9,'2025-12-20 18:18:46','2025-12-20',0.73,NULL),(33,6,'2025-12-20 18:22:12','2025-12-20',0.69,NULL),(34,6,'2025-12-20 18:22:52','2025-12-20',1.21,NULL),(35,7,'2025-12-20 18:50:57','2025-12-20',0,NULL),(36,7,'2025-12-20 18:51:17','2025-12-20',0,NULL),(37,7,'2025-12-20 18:51:20','2025-12-20',0,NULL),(38,7,'2025-12-20 18:51:39','2025-12-20',1.62,NULL),(39,7,'2025-12-20 18:51:59','2025-12-20',1.61,NULL),(40,7,'2025-12-20 18:52:02','2025-12-20',1.61,NULL),(41,7,'2025-12-20 18:52:19','2025-12-20',1.61,NULL),(42,11,'2025-12-20 18:54:48','2025-12-20',1.22,NULL),(43,3,'2025-12-20 18:55:03','2025-12-20',0,NULL),(44,6,'2025-12-20 18:55:08','2025-12-20',0,NULL),(45,5,'2025-12-20 19:05:57','2025-12-20',13.82,NULL),(46,5,'2025-12-20 19:06:21','2025-12-20',13.82,NULL),(47,2,'2025-12-20 20:20:53','2025-12-20',0.62,NULL),(48,2,'2025-12-20 20:21:50','2025-12-20',5.39,NULL),(49,2,'2025-12-20 20:21:53','2025-12-20',5.39,NULL),(50,2,'2025-12-20 20:22:16','2025-12-20',5.39,NULL),(51,9,'2025-12-20 20:27:44','2025-12-20',46.38,NULL),(52,3,'2025-12-20 20:27:54','2025-12-20',2.05,NULL),(53,10,'2025-12-22 17:36:11','2025-12-22',4.44,NULL),(54,5,'2025-12-22 17:36:18','2025-12-22',1.41,NULL),(55,5,'2025-12-22 17:36:33','2025-12-22',151.39,NULL),(56,4,'2025-12-22 17:42:49','2025-12-22',2.21,NULL),(57,4,'2025-12-22 17:43:06','2025-12-22',1.01,NULL),(58,4,'2025-12-22 17:43:13','2025-12-22',80.16,NULL),(59,9,'2025-12-22 17:47:57','2025-12-22',1.12,NULL),(60,9,'2025-12-22 17:48:03','2025-12-22',-1,NULL),(61,4,'2025-12-27 14:46:49','2025-12-27',1.92,NULL),(62,5,'2025-12-27 14:47:31','2025-12-27',18.67,NULL),(63,4,'2025-12-27 14:47:41','2025-12-27',1.92,NULL),(64,5,'2025-12-27 14:47:47','2025-12-27',18.67,NULL),(65,5,'2025-12-27 15:05:54','2025-12-27',17.64,NULL),(66,5,'2025-12-27 15:06:10','2025-12-27',17.64,NULL),(67,5,'2025-12-27 15:12:32','2025-12-27',17.64,NULL),(68,5,'2025-12-27 15:13:45','2025-12-27',17.64,NULL),(69,6,'2025-12-27 15:13:58','2025-12-27',0.75,NULL),(70,5,'2025-12-27 15:14:31','2025-12-27',17.64,NULL),(71,3,'2025-12-27 15:15:56','2025-12-27',0,NULL),(72,6,'2025-12-27 15:22:43','2025-12-27',0.75,NULL),(73,5,'2025-12-27 15:50:13','2025-12-27',18.86,NULL),(74,2,'2025-12-27 15:50:19','2025-12-27',3.66,NULL),(75,5,'2025-12-28 17:47:04','2025-12-28',-1,NULL),(76,5,'2025-12-28 17:48:48','2025-12-28',28.16,NULL),(77,6,'2025-12-28 17:49:08','2025-12-28',2.23,NULL),(78,7,'2025-12-28 17:49:20','2025-12-28',7.2,NULL),(79,2,'2025-12-28 17:49:51','2025-12-28',0,NULL),(80,2,'2025-12-28 17:52:43','2025-12-28',0,NULL),(81,5,'2025-12-28 17:52:57','2025-12-28',28.16,NULL),(82,1,'2025-12-28 17:53:05','2025-12-28',0,NULL),(83,1,'2025-12-28 17:53:08','2025-12-28',0,NULL),(84,4,'2025-12-28 17:53:16','2025-12-28',6.62,NULL),(85,3,'2025-12-28 17:53:35','2025-12-28',0,NULL),(86,3,'2025-12-28 17:53:37','2025-12-28',0,NULL),(87,3,'2025-12-28 17:53:37','2025-12-28',0,NULL),(88,3,'2025-12-28 17:53:38','2025-12-28',0,NULL),(89,3,'2025-12-28 17:53:38','2025-12-28',0,NULL),(90,3,'2025-12-28 17:53:41','2025-12-28',0,NULL),(91,2,'2025-12-28 17:53:48','2025-12-28',0,NULL),(92,1,'2025-12-28 17:53:58','2025-12-28',0,NULL),(93,6,'2025-12-28 17:55:47','2025-12-28',2.23,NULL),(94,5,'2025-12-28 17:55:53','2025-12-28',28.16,NULL),(95,11,'2025-12-28 17:56:02','2025-12-28',1.82,NULL),(96,5,'2026-01-12 15:39:29','2026-01-12',0.59,NULL),(97,5,'2026-01-12 15:39:38','2026-01-12',0.59,NULL),(98,2,'2026-01-12 15:47:27','2026-01-12',0,NULL),(99,4,'2026-01-12 15:48:06','2026-01-12',0,NULL),(100,4,'2026-01-12 15:48:09','2026-01-12',0,NULL),(101,4,'2026-01-12 15:48:10','2026-01-12',0,NULL),(102,4,'2026-01-12 15:48:10','2026-01-12',0,NULL),(103,4,'2026-01-12 15:48:11','2026-01-12',0,NULL),(104,4,'2026-01-12 15:48:11','2026-01-12',0,NULL),(105,4,'2026-01-12 15:48:11','2026-01-12',0,NULL),(106,4,'2026-01-12 15:48:11','2026-01-12',0,NULL),(107,4,'2026-01-12 15:48:11','2026-01-12',0,NULL),(108,4,'2026-01-12 15:48:11','2026-01-12',0,NULL),(109,4,'2026-01-12 15:48:13','2026-01-12',0,NULL),(110,7,'2026-01-12 15:48:21','2026-01-12',1.1,NULL),(111,6,'2026-01-12 15:49:12','2026-01-12',0.63,NULL),(112,7,'2026-01-12 15:49:20','2026-01-12',1.1,NULL),(113,5,'2026-01-12 15:49:27','2026-01-12',0.59,NULL),(114,4,'2026-01-12 15:49:36','2026-01-12',0,NULL),(115,9,'2026-01-12 15:52:29','2026-01-12',1.65,NULL),(116,3,'2026-01-12 16:15:20','2026-01-12',0,NULL),(117,1,'2026-01-12 16:15:29','2026-01-12',0,NULL),(118,1,'2026-01-12 16:15:31','2026-01-12',0,NULL),(119,1,'2026-01-12 16:15:32','2026-01-12',0,NULL),(120,1,'2026-01-12 16:15:32','2026-01-12',0,NULL),(121,1,'2026-01-12 16:15:34','2026-01-12',0,NULL),(122,1,'2026-01-12 16:15:36','2026-01-12',0,NULL),(123,10,'2026-01-12 16:16:12','2026-01-12',0.8,NULL),(124,10,'2026-01-12 16:16:12','2026-01-12',0.8,NULL),(125,10,'2026-01-12 16:16:13','2026-01-12',0.8,NULL),(126,11,'2026-01-12 16:16:17','2026-01-12',0,NULL),(127,11,'2026-01-12 16:16:18','2026-01-12',0,NULL),(128,11,'2026-01-12 16:16:18','2026-01-12',0,NULL),(129,11,'2026-01-12 16:16:18','2026-01-12',0,NULL),(130,11,'2026-01-12 16:16:19','2026-01-12',0,NULL),(131,11,'2026-01-12 16:16:19','2026-01-12',0,NULL),(132,11,'2026-01-12 16:16:19','2026-01-12',0,NULL),(133,11,'2026-01-12 16:16:19','2026-01-12',0,NULL),(134,11,'2026-01-12 16:16:19','2026-01-12',0,NULL),(135,5,'2026-01-12 16:37:19','2026-01-12',0.7,NULL),(136,4,'2026-01-12 16:37:34','2026-01-12',0,NULL),(137,4,'2026-01-12 16:37:36','2026-01-12',0,NULL),(138,1,'2026-01-20 18:00:02','2026-01-20',0,NULL),(139,2,'2026-01-20 18:00:03','2026-01-20',0.48,NULL),(140,3,'2026-01-20 18:00:03','2026-01-20',0,NULL),(141,4,'2026-01-20 18:00:04','2026-01-20',0.79,NULL),(142,5,'2026-01-20 18:00:04','2026-01-20',0.68,NULL),(143,6,'2026-01-20 18:00:04','2026-01-20',0.72,NULL),(144,7,'2026-01-20 18:00:05','2026-01-20',1.73,NULL),(145,8,'2026-01-20 18:00:05','2026-01-20',2.24,NULL),(146,9,'2026-01-20 18:00:05','2026-01-20',3.78,NULL),(147,10,'2026-01-20 18:00:06','2026-01-20',0.99,NULL),(148,11,'2026-01-20 18:00:06','2026-01-20',0.78,NULL),(149,3,'2026-01-21 17:03:18','2026-01-21',0,NULL);
/*!40000 ALTER TABLE `prediction_history` ENABLE KEYS */;
UNLOCK TABLES;

--
-- Table structure for table `subscribers`
--

DROP TABLE IF EXISTS `subscribers`;
/*!40101 SET @saved_cs_client     = @@character_set_client */;
/*!50503 SET character_set_client = utf8mb4 */;
CREATE TABLE `subscribers` (
  `id` bigint NOT NULL AUTO_INCREMENT,
  `email` varchar(255) NOT NULL,
  `location_id` bigint NOT NULL,
  `created_at` timestamp NULL DEFAULT CURRENT_TIMESTAMP,
  PRIMARY KEY (`id`),
  UNIQUE KEY `unique_sub` (`email`,`location_id`),
  KEY `fk_sub_location` (`location_id`),
  CONSTRAINT `fk_sub_location` FOREIGN KEY (`location_id`) REFERENCES `locations` (`id`) ON DELETE CASCADE
) ENGINE=InnoDB AUTO_INCREMENT=2 DEFAULT CHARSET=utf8mb4 COLLATE=utf8mb4_0900_ai_ci;
/*!40101 SET character_set_client = @saved_cs_client */;

--
-- Dumping data for table `subscribers`
--

LOCK TABLES `subscribers` WRITE;
/*!40000 ALTER TABLE `subscribers` DISABLE KEYS */;
INSERT INTO `subscribers` VALUES (1,'tranviet2004v@gmail.com',5,'2025-12-28 10:56:34');
/*!40000 ALTER TABLE `subscribers` ENABLE KEYS */;
UNLOCK TABLES;

--
-- Table structure for table `users`
--

DROP TABLE IF EXISTS `users`;
/*!40101 SET @saved_cs_client     = @@character_set_client */;
/*!50503 SET character_set_client = utf8mb4 */;
CREATE TABLE `users` (
  `id` bigint NOT NULL AUTO_INCREMENT,
  `username` varchar(255) NOT NULL,
  `password` varchar(255) NOT NULL,
  `full_name` varchar(255) DEFAULT NULL,
  `role` varchar(255) NOT NULL,
  `created_at` timestamp NULL DEFAULT CURRENT_TIMESTAMP,
  PRIMARY KEY (`id`),
  UNIQUE KEY `unique_username` (`username`)
) ENGINE=InnoDB AUTO_INCREMENT=7 DEFAULT CHARSET=utf8mb4 COLLATE=utf8mb4_0900_ai_ci;
/*!40101 SET character_set_client = @saved_cs_client */;

--
-- Dumping data for table `users`
--

LOCK TABLES `users` WRITE;
/*!40000 ALTER TABLE `users` DISABLE KEYS */;
INSERT INTO `users` VALUES (5,'admin','$2a$10$790QNFIgiYQNP2get82.Tejlk2AeGqWxeaMJO.6YwBDs5ybKDFwAy','Super Admin (Auto Created)','ADMIN','2026-01-20 11:17:53'),(6,'manager','$2a$10$NhBNdQ07MFolJtDd9P9u3e5WQvQECzv9h1pY4kbP0aTDMoki6QO0u','Manager (Auto Created)','MANAGER','2026-01-20 11:17:53');
/*!40000 ALTER TABLE `users` ENABLE KEYS */;
UNLOCK TABLES;
/*!40103 SET TIME_ZONE=@OLD_TIME_ZONE */;

/*!40101 SET SQL_MODE=@OLD_SQL_MODE */;
/*!40014 SET FOREIGN_KEY_CHECKS=@OLD_FOREIGN_KEY_CHECKS */;
/*!40014 SET UNIQUE_CHECKS=@OLD_UNIQUE_CHECKS */;
/*!40101 SET CHARACTER_SET_CLIENT=@OLD_CHARACTER_SET_CLIENT */;
/*!40101 SET CHARACTER_SET_RESULTS=@OLD_CHARACTER_SET_RESULTS */;
/*!40101 SET COLLATION_CONNECTION=@OLD_COLLATION_CONNECTION */;
/*!40111 SET SQL_NOTES=@OLD_SQL_NOTES */;

-- Dump completed on 2026-01-21 17:21:27
